{
    "results": {
        "tool": {
            "name": "pytest",
            "version": "8.4.1"
        },
        "summary": {
            "tests": 2,
            "passed": 2,
            "failed": 0,
            "skipped": 0,
            "pending": 0,
            "other": 0,
            "start": 1771584079.9092114,
            "stop": 1771584079.9405344
        },
        "tests": [
            {
                "name": "test_outputs.py::test_question_1",
                "status": "passed",
                "duration": 0.0002514159996280796,
                "start": 1771584079.939684,
                "stop": 1771584079.9400334,
                "retries": 0,
                "file_path": "test_outputs.py"
            },
            {
                "name": "test_outputs.py::test_question_2",
                "status": "passed",
                "duration": 0.00021695899886253756,
                "start": 1771584079.9401088,
                "stop": 1771584079.9404068,
                "retries": 0,
                "file_path": "test_outputs.py"
            }
        ]
    }
}