{
    "results": {
        "tool": {
            "name": "pytest",
            "version": "8.4.1"
        },
        "summary": {
            "tests": 2,
            "passed": 2,
            "failed": 0,
            "skipped": 0,
            "pending": 0,
            "other": 0,
            "start": 1771588764.3110633,
            "stop": 1771588764.3382385
        },
        "tests": [
            {
                "name": "test_outputs.py::test_question_1",
                "status": "passed",
                "duration": 0.00029620899840665516,
                "start": 1771588764.3374398,
                "stop": 1771588764.3378646,
                "retries": 0,
                "file_path": "test_outputs.py"
            },
            {
                "name": "test_outputs.py::test_question_2",
                "status": "passed",
                "duration": 0.00013612499787996057,
                "start": 1771588764.3379657,
                "stop": 1771588764.3381543,
                "retries": 0,
                "file_path": "test_outputs.py"
            }
        ]
    }
}