{
    "results": {
        "tool": {
            "name": "pytest",
            "version": "8.4.1"
        },
        "summary": {
            "tests": 2,
            "passed": 2,
            "failed": 0,
            "skipped": 0,
            "pending": 0,
            "other": 0,
            "start": 1771359725.4393978,
            "stop": 1771359725.4720297
        },
        "tests": [
            {
                "name": "test_outputs.py::test_question_1",
                "status": "passed",
                "duration": 0.0002970000005007023,
                "start": 1771359725.4712214,
                "stop": 1771359725.4716482,
                "retries": 0,
                "file_path": "test_outputs.py"
            },
            {
                "name": "test_outputs.py::test_question_2",
                "status": "passed",
                "duration": 0.00015116699978534598,
                "start": 1771359725.471737,
                "stop": 1771359725.4719486,
                "retries": 0,
                "file_path": "test_outputs.py"
            }
        ]
    }
}