{
    "results": {
        "tool": {
            "name": "pytest",
            "version": "8.4.1"
        },
        "summary": {
            "tests": 2,
            "passed": 2,
            "failed": 0,
            "skipped": 0,
            "pending": 0,
            "other": 0,
            "start": 1771357922.74603,
            "stop": 1771357922.774908
        },
        "tests": [
            {
                "name": "test_outputs.py::test_question_1",
                "status": "passed",
                "duration": 0.00029700100003537955,
                "start": 1771357922.774096,
                "stop": 1771357922.7745235,
                "retries": 0,
                "file_path": "test_outputs.py"
            },
            {
                "name": "test_outputs.py::test_question_2",
                "status": "passed",
                "duration": 0.00014758200018150092,
                "start": 1771357922.7746165,
                "stop": 1771357922.7748327,
                "retries": 0,
                "file_path": "test_outputs.py"
            }
        ]
    }
}