{
    "results": {
        "tool": {
            "name": "pytest",
            "version": "8.4.1"
        },
        "summary": {
            "tests": 2,
            "passed": 2,
            "failed": 0,
            "skipped": 0,
            "pending": 0,
            "other": 0,
            "start": 1771359653.3129177,
            "stop": 1771359653.3692317
        },
        "tests": [
            {
                "name": "test_outputs.py::test_question_1",
                "status": "passed",
                "duration": 0.0007124999992811354,
                "start": 1771359653.3674169,
                "stop": 1771359653.3683887,
                "retries": 0,
                "file_path": "test_outputs.py"
            },
            {
                "name": "test_outputs.py::test_question_2",
                "status": "passed",
                "duration": 0.0003415000001041335,
                "start": 1771359653.3686142,
                "stop": 1771359653.3690722,
                "retries": 0,
                "file_path": "test_outputs.py"
            }
        ]
    }
}