{
    "results": {
        "tool": {
            "name": "pytest",
            "version": "8.4.1"
        },
        "summary": {
            "tests": 2,
            "passed": 2,
            "failed": 0,
            "skipped": 0,
            "pending": 0,
            "other": 0,
            "start": 1771359529.2913327,
            "stop": 1771359529.3223557
        },
        "tests": [
            {
                "name": "test_outputs.py::test_question_1",
                "status": "passed",
                "duration": 0.00044129200068709906,
                "start": 1771359529.3212984,
                "stop": 1771359529.3219419,
                "retries": 0,
                "file_path": "test_outputs.py"
            },
            {
                "name": "test_outputs.py::test_question_2",
                "status": "passed",
                "duration": 0.00015033199997560587,
                "start": 1771359529.322064,
                "stop": 1771359529.322274,
                "retries": 0,
                "file_path": "test_outputs.py"
            }
        ]
    }
}