{
    "results": {
        "tool": {
            "name": "pytest",
            "version": "8.4.1"
        },
        "summary": {
            "tests": 2,
            "passed": 2,
            "failed": 0,
            "skipped": 0,
            "pending": 0,
            "other": 0,
            "start": 1771588312.4811118,
            "stop": 1771588312.5076478
        },
        "tests": [
            {
                "name": "test_outputs.py::test_question_1",
                "status": "passed",
                "duration": 0.00033008400168910157,
                "start": 1771588312.5067327,
                "stop": 1771588312.5072143,
                "retries": 0,
                "file_path": "test_outputs.py"
            },
            {
                "name": "test_outputs.py::test_question_2",
                "status": "passed",
                "duration": 0.00013916599709773436,
                "start": 1771588312.5073483,
                "stop": 1771588312.5075505,
                "retries": 0,
                "file_path": "test_outputs.py"
            }
        ]
    }
}