{
    "results": {
        "tool": {
            "name": "pytest",
            "version": "8.4.1"
        },
        "summary": {
            "tests": 2,
            "passed": 2,
            "failed": 0,
            "skipped": 0,
            "pending": 0,
            "other": 0,
            "start": 1771359445.4419148,
            "stop": 1771359445.4772272
        },
        "tests": [
            {
                "name": "test_outputs.py::test_question_1",
                "status": "passed",
                "duration": 0.000396250999529002,
                "start": 1771359445.476008,
                "stop": 1771359445.4765975,
                "retries": 0,
                "file_path": "test_outputs.py"
            },
            {
                "name": "test_outputs.py::test_question_2",
                "status": "passed",
                "duration": 0.000259124999956839,
                "start": 1771359445.4767418,
                "stop": 1771359445.4771066,
                "retries": 0,
                "file_path": "test_outputs.py"
            }
        ]
    }
}