{
    "results": {
        "tool": {
            "name": "pytest",
            "version": "8.4.1"
        },
        "summary": {
            "tests": 2,
            "passed": 2,
            "failed": 0,
            "skipped": 0,
            "pending": 0,
            "other": 0,
            "start": 1771586351.2151968,
            "stop": 1771586351.2440152
        },
        "tests": [
            {
                "name": "test_outputs.py::test_question_1",
                "status": "passed",
                "duration": 0.0003237489981984254,
                "start": 1771586351.2431827,
                "stop": 1771586351.2436328,
                "retries": 0,
                "file_path": "test_outputs.py"
            },
            {
                "name": "test_outputs.py::test_question_2",
                "status": "passed",
                "duration": 0.00013258299986773636,
                "start": 1771586351.243729,
                "stop": 1771586351.243915,
                "retries": 0,
                "file_path": "test_outputs.py"
            }
        ]
    }
}