{
    "results": {
        "tool": {
            "name": "pytest",
            "version": "8.4.1"
        },
        "summary": {
            "tests": 1,
            "passed": 1,
            "failed": 0,
            "skipped": 0,
            "pending": 0,
            "other": 0,
            "start": 1771352740.6854722,
            "stop": 1771352740.714418
        },
        "tests": [
            {
                "name": "test_outputs.py::test_answer",
                "status": "passed",
                "duration": 0.0002832069999954001,
                "start": 1771352740.7139091,
                "stop": 1771352740.7143357,
                "retries": 0,
                "file_path": "test_outputs.py"
            }
        ]
    }
}