{
    "results": {
        "tool": {
            "name": "pytest",
            "version": "8.4.1"
        },
        "summary": {
            "tests": 2,
            "passed": 2,
            "failed": 0,
            "skipped": 0,
            "pending": 0,
            "other": 0,
            "start": 1771359421.56629,
            "stop": 1771359421.5961514
        },
        "tests": [
            {
                "name": "test_outputs.py::test_question_1",
                "status": "passed",
                "duration": 0.0004304989993215713,
                "start": 1771359421.5951674,
                "stop": 1771359421.595753,
                "retries": 0,
                "file_path": "test_outputs.py"
            },
            {
                "name": "test_outputs.py::test_question_2",
                "status": "passed",
                "duration": 0.00014525100004902924,
                "start": 1771359421.5958607,
                "stop": 1771359421.5960698,
                "retries": 0,
                "file_path": "test_outputs.py"
            }
        ]
    }
}