{
    "results": {
        "tool": {
            "name": "pytest",
            "version": "8.4.1"
        },
        "summary": {
            "tests": 2,
            "passed": 2,
            "failed": 0,
            "skipped": 0,
            "pending": 0,
            "other": 0,
            "start": 1771593708.1390753,
            "stop": 1771593708.165489
        },
        "tests": [
            {
                "name": "test_outputs.py::test_question_1",
                "status": "passed",
                "duration": 0.0002636259996506851,
                "start": 1771593708.1647232,
                "stop": 1771593708.16511,
                "retries": 0,
                "file_path": "test_outputs.py"
            },
            {
                "name": "test_outputs.py::test_question_2",
                "status": "passed",
                "duration": 0.0001423739995516371,
                "start": 1771593708.1652067,
                "stop": 1771593708.1654053,
                "retries": 0,
                "file_path": "test_outputs.py"
            }
        ]
    }
}