{
    "results": {
        "tool": {
            "name": "pytest",
            "version": "8.4.1"
        },
        "summary": {
            "tests": 2,
            "passed": 2,
            "failed": 0,
            "skipped": 0,
            "pending": 0,
            "other": 0,
            "start": 1771584773.846341,
            "stop": 1771584773.8785214
        },
        "tests": [
            {
                "name": "test_outputs.py::test_question_1",
                "status": "passed",
                "duration": 0.0002981670004373882,
                "start": 1771584773.8776972,
                "stop": 1771584773.8781266,
                "retries": 0,
                "file_path": "test_outputs.py"
            },
            {
                "name": "test_outputs.py::test_question_2",
                "status": "passed",
                "duration": 0.00014562499927706085,
                "start": 1771584773.878223,
                "stop": 1771584773.8784413,
                "retries": 0,
                "file_path": "test_outputs.py"
            }
        ]
    }
}