{
    "results": {
        "tool": {
            "name": "pytest",
            "version": "8.4.1"
        },
        "summary": {
            "tests": 2,
            "passed": 2,
            "failed": 0,
            "skipped": 0,
            "pending": 0,
            "other": 0,
            "start": 1771357424.9218543,
            "stop": 1771357424.9517844
        },
        "tests": [
            {
                "name": "test_outputs.py::test_question_1",
                "status": "passed",
                "duration": 0.00028216700002303696,
                "start": 1771357424.950911,
                "stop": 1771357424.9513311,
                "retries": 0,
                "file_path": "test_outputs.py"
            },
            {
                "name": "test_outputs.py::test_question_2",
                "status": "passed",
                "duration": 0.00018408399989766622,
                "start": 1771357424.9514198,
                "stop": 1771357424.951665,
                "retries": 0,
                "file_path": "test_outputs.py"
            }
        ]
    }
}