{
    "results": {
        "tool": {
            "name": "pytest",
            "version": "8.4.1"
        },
        "summary": {
            "tests": 2,
            "passed": 2,
            "failed": 0,
            "skipped": 0,
            "pending": 0,
            "other": 0,
            "start": 1771586187.3554611,
            "stop": 1771586187.3845584
        },
        "tests": [
            {
                "name": "test_outputs.py::test_question_1",
                "status": "passed",
                "duration": 0.0002977090007334482,
                "start": 1771586187.3837314,
                "stop": 1771586187.3841574,
                "retries": 0,
                "file_path": "test_outputs.py"
            },
            {
                "name": "test_outputs.py::test_question_2",
                "status": "passed",
                "duration": 0.00015162600175244734,
                "start": 1771586187.3842604,
                "stop": 1771586187.3844767,
                "retries": 0,
                "file_path": "test_outputs.py"
            }
        ]
    }
}