{
    "results": {
        "tool": {
            "name": "pytest",
            "version": "8.4.1"
        },
        "summary": {
            "tests": 2,
            "passed": 2,
            "failed": 0,
            "skipped": 0,
            "pending": 0,
            "other": 0,
            "start": 1771586999.2677248,
            "stop": 1771586999.302396
        },
        "tests": [
            {
                "name": "test_outputs.py::test_question_1",
                "status": "passed",
                "duration": 0.00022612500288232695,
                "start": 1771586999.3017662,
                "stop": 1771586999.3020937,
                "retries": 0,
                "file_path": "test_outputs.py"
            },
            {
                "name": "test_outputs.py::test_question_2",
                "status": "passed",
                "duration": 0.00011591799921006896,
                "start": 1771586999.3021712,
                "stop": 1771586999.3023345,
                "retries": 0,
                "file_path": "test_outputs.py"
            }
        ]
    }
}