{
    "results": {
        "tool": {
            "name": "pytest",
            "version": "8.4.1"
        },
        "summary": {
            "tests": 2,
            "passed": 2,
            "failed": 0,
            "skipped": 0,
            "pending": 0,
            "other": 0,
            "start": 1771357856.0563192,
            "stop": 1771357856.085171
        },
        "tests": [
            {
                "name": "test_outputs.py::test_question_1",
                "status": "passed",
                "duration": 0.0003466249997927662,
                "start": 1771357856.0842843,
                "stop": 1771357856.0847876,
                "retries": 0,
                "file_path": "test_outputs.py"
            },
            {
                "name": "test_outputs.py::test_question_2",
                "status": "passed",
                "duration": 0.00014925000004950562,
                "start": 1771357856.0848825,
                "stop": 1771357856.0850925,
                "retries": 0,
                "file_path": "test_outputs.py"
            }
        ]
    }
}