{
    "results": {
        "tool": {
            "name": "pytest",
            "version": "8.4.1"
        },
        "summary": {
            "tests": 2,
            "passed": 2,
            "failed": 0,
            "skipped": 0,
            "pending": 0,
            "other": 0,
            "start": 1771358070.0827508,
            "stop": 1771358070.1115272
        },
        "tests": [
            {
                "name": "test_outputs.py::test_question_1",
                "status": "passed",
                "duration": 0.00025520900021547277,
                "start": 1771358070.110786,
                "stop": 1771358070.1111689,
                "retries": 0,
                "file_path": "test_outputs.py"
            },
            {
                "name": "test_outputs.py::test_question_2",
                "status": "passed",
                "duration": 0.00013629200020659482,
                "start": 1771358070.1112616,
                "stop": 1771358070.1114602,
                "retries": 0,
                "file_path": "test_outputs.py"
            }
        ]
    }
}