{
    "results": {
        "tool": {
            "name": "pytest",
            "version": "8.4.1"
        },
        "summary": {
            "tests": 2,
            "passed": 2,
            "failed": 0,
            "skipped": 0,
            "pending": 0,
            "other": 0,
            "start": 1771587342.6591575,
            "stop": 1771587342.6858902
        },
        "tests": [
            {
                "name": "test_outputs.py::test_question_1",
                "status": "passed",
                "duration": 0.0002797500001179287,
                "start": 1771587342.6851044,
                "stop": 1771587342.6855092,
                "retries": 0,
                "file_path": "test_outputs.py"
            },
            {
                "name": "test_outputs.py::test_question_2",
                "status": "passed",
                "duration": 0.00014075000217417255,
                "start": 1771587342.6856015,
                "stop": 1771587342.6858015,
                "retries": 0,
                "file_path": "test_outputs.py"
            }
        ]
    }
}