{
    "results": {
        "tool": {
            "name": "pytest",
            "version": "8.4.1"
        },
        "summary": {
            "tests": 2,
            "passed": 2,
            "failed": 0,
            "skipped": 0,
            "pending": 0,
            "other": 0,
            "start": 1771591174.508926,
            "stop": 1771591174.5381594
        },
        "tests": [
            {
                "name": "test_outputs.py::test_question_1",
                "status": "passed",
                "duration": 0.0003242070015403442,
                "start": 1771591174.5373216,
                "stop": 1771591174.5377672,
                "retries": 0,
                "file_path": "test_outputs.py"
            },
            {
                "name": "test_outputs.py::test_question_2",
                "status": "passed",
                "duration": 0.0001368749999528518,
                "start": 1771591174.5378704,
                "stop": 1771591174.538073,
                "retries": 0,
                "file_path": "test_outputs.py"
            }
        ]
    }
}