{
    "results": {
        "tool": {
            "name": "pytest",
            "version": "8.4.1"
        },
        "summary": {
            "tests": 2,
            "passed": 2,
            "failed": 0,
            "skipped": 0,
            "pending": 0,
            "other": 0,
            "start": 1771585548.7992275,
            "stop": 1771585548.8256662
        },
        "tests": [
            {
                "name": "test_outputs.py::test_question_1",
                "status": "passed",
                "duration": 0.0002941669990832452,
                "start": 1771585548.8248577,
                "stop": 1771585548.8252814,
                "retries": 0,
                "file_path": "test_outputs.py"
            },
            {
                "name": "test_outputs.py::test_question_2",
                "status": "passed",
                "duration": 0.00014420900151890237,
                "start": 1771585548.8253794,
                "stop": 1771585548.8255873,
                "retries": 0,
                "file_path": "test_outputs.py"
            }
        ]
    }
}