{
    "results": {
        "tool": {
            "name": "pytest",
            "version": "8.4.1"
        },
        "summary": {
            "tests": 2,
            "passed": 2,
            "failed": 0,
            "skipped": 0,
            "pending": 0,
            "other": 0,
            "start": 1771357354.26732,
            "stop": 1771357354.2974517
        },
        "tests": [
            {
                "name": "test_outputs.py::test_question_1",
                "status": "passed",
                "duration": 0.0003441239999801837,
                "start": 1771357354.2965453,
                "stop": 1771357354.2970204,
                "retries": 0,
                "file_path": "test_outputs.py"
            },
            {
                "name": "test_outputs.py::test_question_2",
                "status": "passed",
                "duration": 0.00016945900006248849,
                "start": 1771357354.297116,
                "stop": 1771357354.2973506,
                "retries": 0,
                "file_path": "test_outputs.py"
            }
        ]
    }
}