{
    "results": {
        "tool": {
            "name": "pytest",
            "version": "8.4.1"
        },
        "summary": {
            "tests": 2,
            "passed": 2,
            "failed": 0,
            "skipped": 0,
            "pending": 0,
            "other": 0,
            "start": 1771595198.248106,
            "stop": 1771595198.2748482
        },
        "tests": [
            {
                "name": "test_outputs.py::test_question_1",
                "status": "passed",
                "duration": 0.0003706250026880298,
                "start": 1771595198.2739491,
                "stop": 1771595198.2744524,
                "retries": 0,
                "file_path": "test_outputs.py"
            },
            {
                "name": "test_outputs.py::test_question_2",
                "status": "passed",
                "duration": 0.00014549999832524918,
                "start": 1771595198.2745569,
                "stop": 1771595198.274761,
                "retries": 0,
                "file_path": "test_outputs.py"
            }
        ]
    }
}