{
    "results": {
        "tool": {
            "name": "pytest",
            "version": "8.4.1"
        },
        "summary": {
            "tests": 1,
            "passed": 1,
            "failed": 0,
            "skipped": 0,
            "pending": 0,
            "other": 0,
            "start": 1771306531.0552368,
            "stop": 1771306531.083676
        },
        "tests": [
            {
                "name": "test_outputs.py::test_answer",
                "status": "passed",
                "duration": 0.00029275000002826346,
                "start": 1771306531.0831525,
                "stop": 1771306531.0835829,
                "retries": 0,
                "file_path": "test_outputs.py"
            }
        ]
    }
}