{
    "results": {
        "tool": {
            "name": "pytest",
            "version": "8.4.1"
        },
        "summary": {
            "tests": 2,
            "passed": 2,
            "failed": 0,
            "skipped": 0,
            "pending": 0,
            "other": 0,
            "start": 1771359749.2110848,
            "stop": 1771359749.240857
        },
        "tests": [
            {
                "name": "test_outputs.py::test_question_1",
                "status": "passed",
                "duration": 0.00041399900010219426,
                "start": 1771359749.2397382,
                "stop": 1771359749.2403471,
                "retries": 0,
                "file_path": "test_outputs.py"
            },
            {
                "name": "test_outputs.py::test_question_2",
                "status": "passed",
                "duration": 0.00019633400052043726,
                "start": 1771359749.2404683,
                "stop": 1771359749.2407758,
                "retries": 0,
                "file_path": "test_outputs.py"
            }
        ]
    }
}