{
    "results": {
        "tool": {
            "name": "pytest",
            "version": "8.4.1"
        },
        "summary": {
            "tests": 2,
            "passed": 2,
            "failed": 0,
            "skipped": 0,
            "pending": 0,
            "other": 0,
            "start": 1771359596.8098724,
            "stop": 1771359596.8443484
        },
        "tests": [
            {
                "name": "test_outputs.py::test_question_1",
                "status": "passed",
                "duration": 0.0003357079999659618,
                "start": 1771359596.843383,
                "stop": 1771359596.8438482,
                "retries": 0,
                "file_path": "test_outputs.py"
            },
            {
                "name": "test_outputs.py::test_question_2",
                "status": "passed",
                "duration": 0.00017829099988375674,
                "start": 1771359596.844002,
                "stop": 1771359596.844259,
                "retries": 0,
                "file_path": "test_outputs.py"
            }
        ]
    }
}