{
    "results": {
        "tool": {
            "name": "pytest",
            "version": "8.4.1"
        },
        "summary": {
            "tests": 2,
            "passed": 2,
            "failed": 0,
            "skipped": 0,
            "pending": 0,
            "other": 0,
            "start": 1771587419.2522058,
            "stop": 1771587419.2798085
        },
        "tests": [
            {
                "name": "test_outputs.py::test_question_1",
                "status": "passed",
                "duration": 0.00026845900174521375,
                "start": 1771587419.279039,
                "stop": 1771587419.2794309,
                "retries": 0,
                "file_path": "test_outputs.py"
            },
            {
                "name": "test_outputs.py::test_question_2",
                "status": "passed",
                "duration": 0.00013891699927626178,
                "start": 1771587419.2795265,
                "stop": 1771587419.2797194,
                "retries": 0,
                "file_path": "test_outputs.py"
            }
        ]
    }
}