{
    "results": {
        "tool": {
            "name": "pytest",
            "version": "8.4.1"
        },
        "summary": {
            "tests": 2,
            "passed": 2,
            "failed": 0,
            "skipped": 0,
            "pending": 0,
            "other": 0,
            "start": 1771592845.5063155,
            "stop": 1771592845.5360515
        },
        "tests": [
            {
                "name": "test_outputs.py::test_question_1",
                "status": "passed",
                "duration": 0.00031508400206803344,
                "start": 1771592845.535213,
                "stop": 1771592845.5356643,
                "retries": 0,
                "file_path": "test_outputs.py"
            },
            {
                "name": "test_outputs.py::test_question_2",
                "status": "passed",
                "duration": 0.00014195900075719692,
                "start": 1771592845.5357766,
                "stop": 1771592845.5359774,
                "retries": 0,
                "file_path": "test_outputs.py"
            }
        ]
    }
}