{
    "results": {
        "tool": {
            "name": "pytest",
            "version": "8.4.1"
        },
        "summary": {
            "tests": 2,
            "passed": 2,
            "failed": 0,
            "skipped": 0,
            "pending": 0,
            "other": 0,
            "start": 1771587786.7418456,
            "stop": 1771587786.7679543
        },
        "tests": [
            {
                "name": "test_outputs.py::test_question_1",
                "status": "passed",
                "duration": 0.0002615000012156088,
                "start": 1771587786.767149,
                "stop": 1771587786.7675397,
                "retries": 0,
                "file_path": "test_outputs.py"
            },
            {
                "name": "test_outputs.py::test_question_2",
                "status": "passed",
                "duration": 0.00014437500067288056,
                "start": 1771587786.7676244,
                "stop": 1771587786.7678313,
                "retries": 0,
                "file_path": "test_outputs.py"
            }
        ]
    }
}