{
    "results": {
        "tool": {
            "name": "pytest",
            "version": "8.4.1"
        },
        "summary": {
            "tests": 2,
            "passed": 2,
            "failed": 0,
            "skipped": 0,
            "pending": 0,
            "other": 0,
            "start": 1771595961.2083304,
            "stop": 1771595961.2356145
        },
        "tests": [
            {
                "name": "test_outputs.py::test_question_1",
                "status": "passed",
                "duration": 0.000269959000434028,
                "start": 1771595961.2348332,
                "stop": 1771595961.235223,
                "retries": 0,
                "file_path": "test_outputs.py"
            },
            {
                "name": "test_outputs.py::test_question_2",
                "status": "passed",
                "duration": 0.000143832996400306,
                "start": 1771595961.235317,
                "stop": 1771595961.235529,
                "retries": 0,
                "file_path": "test_outputs.py"
            }
        ]
    }
}