{
    "results": {
        "tool": {
            "name": "pytest",
            "version": "8.4.1"
        },
        "summary": {
            "tests": 2,
            "passed": 2,
            "failed": 0,
            "skipped": 0,
            "pending": 0,
            "other": 0,
            "start": 1771358791.2834704,
            "stop": 1771358791.3126824
        },
        "tests": [
            {
                "name": "test_outputs.py::test_question_1",
                "status": "passed",
                "duration": 0.0003267489998961537,
                "start": 1771358791.311805,
                "stop": 1771358791.312274,
                "retries": 0,
                "file_path": "test_outputs.py"
            },
            {
                "name": "test_outputs.py::test_question_2",
                "status": "passed",
                "duration": 0.00015466700006072642,
                "start": 1771358791.3123775,
                "stop": 1771358791.3125992,
                "retries": 0,
                "file_path": "test_outputs.py"
            }
        ]
    }
}