{
    "results": {
        "tool": {
            "name": "pytest",
            "version": "8.4.1"
        },
        "summary": {
            "tests": 2,
            "passed": 2,
            "failed": 0,
            "skipped": 0,
            "pending": 0,
            "other": 0,
            "start": 1771585814.3230958,
            "stop": 1771585814.3495183
        },
        "tests": [
            {
                "name": "test_outputs.py::test_question_1",
                "status": "passed",
                "duration": 0.00026574999901640695,
                "start": 1771585814.3487437,
                "stop": 1771585814.349129,
                "retries": 0,
                "file_path": "test_outputs.py"
            },
            {
                "name": "test_outputs.py::test_question_2",
                "status": "passed",
                "duration": 0.00014666700008092448,
                "start": 1771585814.3492305,
                "stop": 1771585814.3494332,
                "retries": 0,
                "file_path": "test_outputs.py"
            }
        ]
    }
}