{
    "results": {
        "tool": {
            "name": "pytest",
            "version": "8.4.1"
        },
        "summary": {
            "tests": 2,
            "passed": 2,
            "failed": 0,
            "skipped": 0,
            "pending": 0,
            "other": 0,
            "start": 1771587741.4332361,
            "stop": 1771587741.4612637
        },
        "tests": [
            {
                "name": "test_outputs.py::test_question_1",
                "status": "passed",
                "duration": 0.0003214569987903815,
                "start": 1771587741.4604368,
                "stop": 1771587741.4608796,
                "retries": 0,
                "file_path": "test_outputs.py"
            },
            {
                "name": "test_outputs.py::test_question_2",
                "status": "passed",
                "duration": 0.00014295899927674327,
                "start": 1771587741.460977,
                "stop": 1771587741.4611764,
                "retries": 0,
                "file_path": "test_outputs.py"
            }
        ]
    }
}