{
    "results": {
        "tool": {
            "name": "pytest",
            "version": "8.4.1"
        },
        "summary": {
            "tests": 2,
            "passed": 2,
            "failed": 0,
            "skipped": 0,
            "pending": 0,
            "other": 0,
            "start": 1771597807.8479586,
            "stop": 1771597807.874613
        },
        "tests": [
            {
                "name": "test_outputs.py::test_question_1",
                "status": "passed",
                "duration": 0.0004005839982710313,
                "start": 1771597807.8736563,
                "stop": 1771597807.8742018,
                "retries": 0,
                "file_path": "test_outputs.py"
            },
            {
                "name": "test_outputs.py::test_question_2",
                "status": "passed",
                "duration": 0.00015875000462983735,
                "start": 1771597807.8743036,
                "stop": 1771597807.8745227,
                "retries": 0,
                "file_path": "test_outputs.py"
            }
        ]
    }
}