{
    "results": {
        "tool": {
            "name": "pytest",
            "version": "8.4.1"
        },
        "summary": {
            "tests": 1,
            "passed": 1,
            "failed": 0,
            "skipped": 0,
            "pending": 0,
            "other": 0,
            "start": 1771355688.2168665,
            "stop": 1771355688.2466815
        },
        "tests": [
            {
                "name": "test_outputs.py::test_answer",
                "status": "passed",
                "duration": 0.000240125999994234,
                "start": 1771355688.246203,
                "stop": 1771355688.2465863,
                "retries": 0,
                "file_path": "test_outputs.py"
            }
        ]
    }
}