{
    "results": {
        "tool": {
            "name": "pytest",
            "version": "8.4.1"
        },
        "summary": {
            "tests": 2,
            "passed": 2,
            "failed": 0,
            "skipped": 0,
            "pending": 0,
            "other": 0,
            "start": 1771592227.7503738,
            "stop": 1771592227.777167
        },
        "tests": [
            {
                "name": "test_outputs.py::test_question_1",
                "status": "passed",
                "duration": 0.0003938330009987112,
                "start": 1771592227.7761755,
                "stop": 1771592227.77673,
                "retries": 0,
                "file_path": "test_outputs.py"
            },
            {
                "name": "test_outputs.py::test_question_2",
                "status": "passed",
                "duration": 0.00014691700198454782,
                "start": 1771592227.7768593,
                "stop": 1771592227.777064,
                "retries": 0,
                "file_path": "test_outputs.py"
            }
        ]
    }
}