{
    "results": {
        "tool": {
            "name": "pytest",
            "version": "8.4.1"
        },
        "summary": {
            "tests": 2,
            "passed": 2,
            "failed": 0,
            "skipped": 0,
            "pending": 0,
            "other": 0,
            "start": 1771356971.0684907,
            "stop": 1771356971.1005566
        },
        "tests": [
            {
                "name": "test_outputs.py::test_question_1",
                "status": "passed",
                "duration": 0.0003655010000045422,
                "start": 1771356971.0996196,
                "stop": 1771356971.100152,
                "retries": 0,
                "file_path": "test_outputs.py"
            },
            {
                "name": "test_outputs.py::test_question_2",
                "status": "passed",
                "duration": 0.00015158400000814254,
                "start": 1771356971.1002529,
                "stop": 1771356971.1004708,
                "retries": 0,
                "file_path": "test_outputs.py"
            }
        ]
    }
}