{
    "results": {
        "tool": {
            "name": "pytest",
            "version": "8.4.1"
        },
        "summary": {
            "tests": 2,
            "passed": 2,
            "failed": 0,
            "skipped": 0,
            "pending": 0,
            "other": 0,
            "start": 1771585492.3499837,
            "stop": 1771585492.3771858
        },
        "tests": [
            {
                "name": "test_outputs.py::test_question_1",
                "status": "passed",
                "duration": 0.000289499001155491,
                "start": 1771585492.3763752,
                "stop": 1771585492.3768048,
                "retries": 0,
                "file_path": "test_outputs.py"
            },
            {
                "name": "test_outputs.py::test_question_2",
                "status": "passed",
                "duration": 0.00013970900181448087,
                "start": 1771585492.3769057,
                "stop": 1771585492.3770983,
                "retries": 0,
                "file_path": "test_outputs.py"
            }
        ]
    }
}