{
    "results": {
        "tool": {
            "name": "pytest",
            "version": "8.4.1"
        },
        "summary": {
            "tests": 2,
            "passed": 2,
            "failed": 0,
            "skipped": 0,
            "pending": 0,
            "other": 0,
            "start": 1771598904.749497,
            "stop": 1771598904.776073
        },
        "tests": [
            {
                "name": "test_outputs.py::test_question_1",
                "status": "passed",
                "duration": 0.0002886260044761002,
                "start": 1771598904.7752502,
                "stop": 1771598904.7756712,
                "retries": 0,
                "file_path": "test_outputs.py"
            },
            {
                "name": "test_outputs.py::test_question_2",
                "status": "passed",
                "duration": 0.0001450830022804439,
                "start": 1771598904.7757733,
                "stop": 1771598904.7759793,
                "retries": 0,
                "file_path": "test_outputs.py"
            }
        ]
    }
}