{
    "results": {
        "tool": {
            "name": "pytest",
            "version": "8.4.1"
        },
        "summary": {
            "tests": 2,
            "passed": 2,
            "failed": 0,
            "skipped": 0,
            "pending": 0,
            "other": 0,
            "start": 1771585390.5105062,
            "stop": 1771585390.537215
        },
        "tests": [
            {
                "name": "test_outputs.py::test_question_1",
                "status": "passed",
                "duration": 0.00030283199885161594,
                "start": 1771585390.5364058,
                "stop": 1771585390.536833,
                "retries": 0,
                "file_path": "test_outputs.py"
            },
            {
                "name": "test_outputs.py::test_question_2",
                "status": "passed",
                "duration": 0.00014412400014407467,
                "start": 1771585390.5369315,
                "stop": 1771585390.5371315,
                "retries": 0,
                "file_path": "test_outputs.py"
            }
        ]
    }
}