{
    "results": {
        "tool": {
            "name": "pytest",
            "version": "8.4.1"
        },
        "summary": {
            "tests": 2,
            "passed": 2,
            "failed": 0,
            "skipped": 0,
            "pending": 0,
            "other": 0,
            "start": 1771586167.4361496,
            "stop": 1771586167.4625597
        },
        "tests": [
            {
                "name": "test_outputs.py::test_question_1",
                "status": "passed",
                "duration": 0.000311708001390798,
                "start": 1771586167.461749,
                "stop": 1771586167.4621983,
                "retries": 0,
                "file_path": "test_outputs.py"
            },
            {
                "name": "test_outputs.py::test_question_2",
                "status": "passed",
                "duration": 0.00013949999993201345,
                "start": 1771586167.4622843,
                "stop": 1771586167.4624786,
                "retries": 0,
                "file_path": "test_outputs.py"
            }
        ]
    }
}