{
    "results": {
        "tool": {
            "name": "pytest",
            "version": "8.4.1"
        },
        "summary": {
            "tests": 2,
            "passed": 2,
            "failed": 0,
            "skipped": 0,
            "pending": 0,
            "other": 0,
            "start": 1771597313.3275697,
            "stop": 1771597313.3547847
        },
        "tests": [
            {
                "name": "test_outputs.py::test_question_1",
                "status": "passed",
                "duration": 0.00026125000294996426,
                "start": 1771597313.3540134,
                "stop": 1771597313.3543954,
                "retries": 0,
                "file_path": "test_outputs.py"
            },
            {
                "name": "test_outputs.py::test_question_2",
                "status": "passed",
                "duration": 0.0001520830046501942,
                "start": 1771597313.3544927,
                "stop": 1771597313.3547006,
                "retries": 0,
                "file_path": "test_outputs.py"
            }
        ]
    }
}