{
    "results": {
        "tool": {
            "name": "pytest",
            "version": "8.4.1"
        },
        "summary": {
            "tests": 2,
            "passed": 2,
            "failed": 0,
            "skipped": 0,
            "pending": 0,
            "other": 0,
            "start": 1771592401.7305405,
            "stop": 1771592401.7592232
        },
        "tests": [
            {
                "name": "test_outputs.py::test_question_1",
                "status": "passed",
                "duration": 0.0003710000000864966,
                "start": 1771592401.7582994,
                "stop": 1771592401.7588193,
                "retries": 0,
                "file_path": "test_outputs.py"
            },
            {
                "name": "test_outputs.py::test_question_2",
                "status": "passed",
                "duration": 0.00014570799976354465,
                "start": 1771592401.7589276,
                "stop": 1771592401.7591293,
                "retries": 0,
                "file_path": "test_outputs.py"
            }
        ]
    }
}