{
    "results": {
        "tool": {
            "name": "pytest",
            "version": "8.4.1"
        },
        "summary": {
            "tests": 2,
            "passed": 2,
            "failed": 0,
            "skipped": 0,
            "pending": 0,
            "other": 0,
            "start": 1771597389.3095598,
            "stop": 1771597389.3413234
        },
        "tests": [
            {
                "name": "test_outputs.py::test_question_1",
                "status": "passed",
                "duration": 0.0002881250038626604,
                "start": 1771597389.3405368,
                "stop": 1771597389.3409464,
                "retries": 0,
                "file_path": "test_outputs.py"
            },
            {
                "name": "test_outputs.py::test_question_2",
                "status": "passed",
                "duration": 0.0001413749996572733,
                "start": 1771597389.341039,
                "stop": 1771597389.3412378,
                "retries": 0,
                "file_path": "test_outputs.py"
            }
        ]
    }
}