{
    "results": {
        "tool": {
            "name": "pytest",
            "version": "8.4.1"
        },
        "summary": {
            "tests": 1,
            "passed": 1,
            "failed": 0,
            "skipped": 0,
            "pending": 0,
            "other": 0,
            "start": 1771306488.4683962,
            "stop": 1771306488.497783
        },
        "tests": [
            {
                "name": "test_outputs.py::test_answer",
                "status": "passed",
                "duration": 0.00020599999999149077,
                "start": 1771306488.4974065,
                "stop": 1771306488.4977083,
                "retries": 0,
                "file_path": "test_outputs.py"
            }
        ]
    }
}