{
    "results": {
        "tool": {
            "name": "pytest",
            "version": "8.4.1"
        },
        "summary": {
            "tests": 2,
            "passed": 2,
            "failed": 0,
            "skipped": 0,
            "pending": 0,
            "other": 0,
            "start": 1771584669.544461,
            "stop": 1771584669.5734887
        },
        "tests": [
            {
                "name": "test_outputs.py::test_question_1",
                "status": "passed",
                "duration": 0.0004192100004729582,
                "start": 1771584669.5724576,
                "stop": 1771584669.5730278,
                "retries": 0,
                "file_path": "test_outputs.py"
            },
            {
                "name": "test_outputs.py::test_question_2",
                "status": "passed",
                "duration": 0.0001649999994697282,
                "start": 1771584669.5731566,
                "stop": 1771584669.573396,
                "retries": 0,
                "file_path": "test_outputs.py"
            }
        ]
    }
}