{
    "results": {
        "tool": {
            "name": "pytest",
            "version": "8.4.1"
        },
        "summary": {
            "tests": 1,
            "passed": 1,
            "failed": 0,
            "skipped": 0,
            "pending": 0,
            "other": 0,
            "start": 1771355688.6976137,
            "stop": 1771355688.7267113
        },
        "tests": [
            {
                "name": "test_outputs.py::test_answer",
                "status": "passed",
                "duration": 0.0002255410000060465,
                "start": 1771355688.726283,
                "stop": 1771355688.726631,
                "retries": 0,
                "file_path": "test_outputs.py"
            }
        ]
    }
}