{
    "results": {
        "tool": {
            "name": "pytest",
            "version": "8.4.1"
        },
        "summary": {
            "tests": 2,
            "passed": 2,
            "failed": 0,
            "skipped": 0,
            "pending": 0,
            "other": 0,
            "start": 1771586524.9530156,
            "stop": 1771586524.9790006
        },
        "tests": [
            {
                "name": "test_outputs.py::test_question_1",
                "status": "passed",
                "duration": 0.00026450000041222665,
                "start": 1771586524.9782436,
                "stop": 1771586524.9786315,
                "retries": 0,
                "file_path": "test_outputs.py"
            },
            {
                "name": "test_outputs.py::test_question_2",
                "status": "passed",
                "duration": 0.00014470700079982635,
                "start": 1771586524.9787266,
                "stop": 1771586524.9789245,
                "retries": 0,
                "file_path": "test_outputs.py"
            }
        ]
    }
}