{
    "results": {
        "tool": {
            "name": "pytest",
            "version": "8.4.1"
        },
        "summary": {
            "tests": 2,
            "passed": 2,
            "failed": 0,
            "skipped": 0,
            "pending": 0,
            "other": 0,
            "start": 1771587088.3545973,
            "stop": 1771587088.382863
        },
        "tests": [
            {
                "name": "test_outputs.py::test_question_1",
                "status": "passed",
                "duration": 0.00023999999939405825,
                "start": 1771587088.3822048,
                "stop": 1771587088.3825471,
                "retries": 0,
                "file_path": "test_outputs.py"
            },
            {
                "name": "test_outputs.py::test_question_2",
                "status": "passed",
                "duration": 0.0001177910016849637,
                "start": 1771587088.3826241,
                "stop": 1771587088.3827903,
                "retries": 0,
                "file_path": "test_outputs.py"
            }
        ]
    }
}