{
    "results": {
        "tool": {
            "name": "pytest",
            "version": "8.4.1"
        },
        "summary": {
            "tests": 2,
            "passed": 2,
            "failed": 0,
            "skipped": 0,
            "pending": 0,
            "other": 0,
            "start": 1771587472.4644532,
            "stop": 1771587472.4905586
        },
        "tests": [
            {
                "name": "test_outputs.py::test_question_1",
                "status": "passed",
                "duration": 0.00027025000053981785,
                "start": 1771587472.4897904,
                "stop": 1771587472.490182,
                "retries": 0,
                "file_path": "test_outputs.py"
            },
            {
                "name": "test_outputs.py::test_question_2",
                "status": "passed",
                "duration": 0.00014537500101141632,
                "start": 1771587472.490266,
                "stop": 1771587472.4904742,
                "retries": 0,
                "file_path": "test_outputs.py"
            }
        ]
    }
}