{
    "results": {
        "tool": {
            "name": "pytest",
            "version": "8.4.1"
        },
        "summary": {
            "tests": 2,
            "passed": 2,
            "failed": 0,
            "skipped": 0,
            "pending": 0,
            "other": 0,
            "start": 1771599130.7487385,
            "stop": 1771599130.77609
        },
        "tests": [
            {
                "name": "test_outputs.py::test_question_1",
                "status": "passed",
                "duration": 0.00028350099819363095,
                "start": 1771599130.7753139,
                "stop": 1771599130.7757173,
                "retries": 0,
                "file_path": "test_outputs.py"
            },
            {
                "name": "test_outputs.py::test_question_2",
                "status": "passed",
                "duration": 0.00013912500071455725,
                "start": 1771599130.775803,
                "stop": 1771599130.7760026,
                "retries": 0,
                "file_path": "test_outputs.py"
            }
        ]
    }
}