{
    "results": {
        "tool": {
            "name": "pytest",
            "version": "8.4.1"
        },
        "summary": {
            "tests": 2,
            "passed": 2,
            "failed": 0,
            "skipped": 0,
            "pending": 0,
            "other": 0,
            "start": 1771595656.6838334,
            "stop": 1771595656.7103086
        },
        "tests": [
            {
                "name": "test_outputs.py::test_question_1",
                "status": "passed",
                "duration": 0.0002751240026555024,
                "start": 1771595656.7095213,
                "stop": 1771595656.7099247,
                "retries": 0,
                "file_path": "test_outputs.py"
            },
            {
                "name": "test_outputs.py::test_question_2",
                "status": "passed",
                "duration": 0.00014054200073587708,
                "start": 1771595656.7100315,
                "stop": 1771595656.7102284,
                "retries": 0,
                "file_path": "test_outputs.py"
            }
        ]
    }
}