{
    "results": {
        "tool": {
            "name": "pytest",
            "version": "8.4.1"
        },
        "summary": {
            "tests": 2,
            "passed": 2,
            "failed": 0,
            "skipped": 0,
            "pending": 0,
            "other": 0,
            "start": 1771584698.2429676,
            "stop": 1771584698.2721002
        },
        "tests": [
            {
                "name": "test_outputs.py::test_question_1",
                "status": "passed",
                "duration": 0.0003477909995126538,
                "start": 1771584698.2711694,
                "stop": 1771584698.2716594,
                "retries": 0,
                "file_path": "test_outputs.py"
            },
            {
                "name": "test_outputs.py::test_question_2",
                "status": "passed",
                "duration": 0.0001631660015846137,
                "start": 1771584698.2717686,
                "stop": 1771584698.2720032,
                "retries": 0,
                "file_path": "test_outputs.py"
            }
        ]
    }
}