{
    "results": {
        "tool": {
            "name": "pytest",
            "version": "8.4.1"
        },
        "summary": {
            "tests": 1,
            "passed": 1,
            "failed": 0,
            "skipped": 0,
            "pending": 0,
            "other": 0,
            "start": 1771306439.5644627,
            "stop": 1771306439.592492
        },
        "tests": [
            {
                "name": "test_outputs.py::test_answer",
                "status": "passed",
                "duration": 0.0002234159999829899,
                "start": 1771306439.5920742,
                "stop": 1771306439.592414,
                "retries": 0,
                "file_path": "test_outputs.py"
            }
        ]
    }
}