{
    "results": {
        "tool": {
            "name": "pytest",
            "version": "8.4.1"
        },
        "summary": {
            "tests": 2,
            "passed": 2,
            "failed": 0,
            "skipped": 0,
            "pending": 0,
            "other": 0,
            "start": 1771585995.1688032,
            "stop": 1771585995.196498
        },
        "tests": [
            {
                "name": "test_outputs.py::test_question_1",
                "status": "passed",
                "duration": 0.00026962399897456635,
                "start": 1771585995.1957133,
                "stop": 1771585995.1961033,
                "retries": 0,
                "file_path": "test_outputs.py"
            },
            {
                "name": "test_outputs.py::test_question_2",
                "status": "passed",
                "duration": 0.00016145900190167595,
                "start": 1771585995.1962035,
                "stop": 1771585995.1964214,
                "retries": 0,
                "file_path": "test_outputs.py"
            }
        ]
    }
}