{
    "results": {
        "tool": {
            "name": "pytest",
            "version": "8.4.1"
        },
        "summary": {
            "tests": 2,
            "passed": 2,
            "failed": 0,
            "skipped": 0,
            "pending": 0,
            "other": 0,
            "start": 1771588156.662771,
            "stop": 1771588156.6894841
        },
        "tests": [
            {
                "name": "test_outputs.py::test_question_1",
                "status": "passed",
                "duration": 0.0002547919993958203,
                "start": 1771588156.688675,
                "stop": 1771588156.6890452,
                "retries": 0,
                "file_path": "test_outputs.py"
            },
            {
                "name": "test_outputs.py::test_question_2",
                "status": "passed",
                "duration": 0.00015600100050505716,
                "start": 1771588156.6891277,
                "stop": 1771588156.6893997,
                "retries": 0,
                "file_path": "test_outputs.py"
            }
        ]
    }
}