{
    "results": {
        "tool": {
            "name": "pytest",
            "version": "8.4.1"
        },
        "summary": {
            "tests": 2,
            "passed": 2,
            "failed": 0,
            "skipped": 0,
            "pending": 0,
            "other": 0,
            "start": 1771591273.2910123,
            "stop": 1771591273.3177083
        },
        "tests": [
            {
                "name": "test_outputs.py::test_question_1",
                "status": "passed",
                "duration": 0.00028687400299531873,
                "start": 1771591273.3168967,
                "stop": 1771591273.317315,
                "retries": 0,
                "file_path": "test_outputs.py"
            },
            {
                "name": "test_outputs.py::test_question_2",
                "status": "passed",
                "duration": 0.0001543750004202593,
                "start": 1771591273.3174212,
                "stop": 1771591273.3176298,
                "retries": 0,
                "file_path": "test_outputs.py"
            }
        ]
    }
}