{
    "results": {
        "tool": {
            "name": "pytest",
            "version": "8.4.1"
        },
        "summary": {
            "tests": 2,
            "passed": 2,
            "failed": 0,
            "skipped": 0,
            "pending": 0,
            "other": 0,
            "start": 1771594192.908576,
            "stop": 1771594192.9351346
        },
        "tests": [
            {
                "name": "test_outputs.py::test_question_1",
                "status": "passed",
                "duration": 0.0002710410008148756,
                "start": 1771594192.9343498,
                "stop": 1771594192.9347467,
                "retries": 0,
                "file_path": "test_outputs.py"
            },
            {
                "name": "test_outputs.py::test_question_2",
                "status": "passed",
                "duration": 0.0001455409983464051,
                "start": 1771594192.9348435,
                "stop": 1771594192.9350421,
                "retries": 0,
                "file_path": "test_outputs.py"
            }
        ]
    }
}