{
    "results": {
        "tool": {
            "name": "pytest",
            "version": "8.4.1"
        },
        "summary": {
            "tests": 2,
            "passed": 2,
            "failed": 0,
            "skipped": 0,
            "pending": 0,
            "other": 0,
            "start": 1771598546.2923336,
            "stop": 1771598546.3216002
        },
        "tests": [
            {
                "name": "test_outputs.py::test_question_1",
                "status": "passed",
                "duration": 0.0002814170002238825,
                "start": 1771598546.320788,
                "stop": 1771598546.3212042,
                "retries": 0,
                "file_path": "test_outputs.py"
            },
            {
                "name": "test_outputs.py::test_question_2",
                "status": "passed",
                "duration": 0.00015383300342364237,
                "start": 1771598546.3212984,
                "stop": 1771598546.3215148,
                "retries": 0,
                "file_path": "test_outputs.py"
            }
        ]
    }
}