{
    "results": {
        "tool": {
            "name": "pytest",
            "version": "8.4.1"
        },
        "summary": {
            "tests": 2,
            "passed": 2,
            "failed": 0,
            "skipped": 0,
            "pending": 0,
            "other": 0,
            "start": 1771586764.8408022,
            "stop": 1771586764.8672354
        },
        "tests": [
            {
                "name": "test_outputs.py::test_question_1",
                "status": "passed",
                "duration": 0.0003047909995075315,
                "start": 1771586764.866377,
                "stop": 1771586764.866812,
                "retries": 0,
                "file_path": "test_outputs.py"
            },
            {
                "name": "test_outputs.py::test_question_2",
                "status": "passed",
                "duration": 0.00013341699923330452,
                "start": 1771586764.8669138,
                "stop": 1771586764.8670998,
                "retries": 0,
                "file_path": "test_outputs.py"
            }
        ]
    }
}