{
    "results": {
        "tool": {
            "name": "pytest",
            "version": "8.4.1"
        },
        "summary": {
            "tests": 2,
            "passed": 2,
            "failed": 0,
            "skipped": 0,
            "pending": 0,
            "other": 0,
            "start": 1771588403.3652105,
            "stop": 1771588403.3929791
        },
        "tests": [
            {
                "name": "test_outputs.py::test_question_1",
                "status": "passed",
                "duration": 0.00031779100027051754,
                "start": 1771588403.392131,
                "stop": 1771588403.3925834,
                "retries": 0,
                "file_path": "test_outputs.py"
            },
            {
                "name": "test_outputs.py::test_question_2",
                "status": "passed",
                "duration": 0.0001508330024080351,
                "start": 1771588403.3926866,
                "stop": 1771588403.3928921,
                "retries": 0,
                "file_path": "test_outputs.py"
            }
        ]
    }
}