{
    "results": {
        "tool": {
            "name": "pytest",
            "version": "8.4.1"
        },
        "summary": {
            "tests": 2,
            "passed": 2,
            "failed": 0,
            "skipped": 0,
            "pending": 0,
            "other": 0,
            "start": 1771357711.0817182,
            "stop": 1771357711.1169221
        },
        "tests": [
            {
                "name": "test_outputs.py::test_question_1",
                "status": "passed",
                "duration": 0.0005735420000974045,
                "start": 1771357711.1155922,
                "stop": 1771357711.1163402,
                "retries": 0,
                "file_path": "test_outputs.py"
            },
            {
                "name": "test_outputs.py::test_question_2",
                "status": "passed",
                "duration": 0.00023195799997210997,
                "start": 1771357711.1165082,
                "stop": 1771357711.116826,
                "retries": 0,
                "file_path": "test_outputs.py"
            }
        ]
    }
}