{
    "results": {
        "tool": {
            "name": "pytest",
            "version": "8.4.1"
        },
        "summary": {
            "tests": 2,
            "passed": 2,
            "failed": 0,
            "skipped": 0,
            "pending": 0,
            "other": 0,
            "start": 1771359602.9411972,
            "stop": 1771359602.9750297
        },
        "tests": [
            {
                "name": "test_outputs.py::test_question_1",
                "status": "passed",
                "duration": 0.00035875000003215973,
                "start": 1771359602.9741044,
                "stop": 1771359602.9746068,
                "retries": 0,
                "file_path": "test_outputs.py"
            },
            {
                "name": "test_outputs.py::test_question_2",
                "status": "passed",
                "duration": 0.00016149999964909512,
                "start": 1771359602.9746952,
                "stop": 1771359602.9749348,
                "retries": 0,
                "file_path": "test_outputs.py"
            }
        ]
    }
}