{
    "results": {
        "tool": {
            "name": "pytest",
            "version": "8.4.1"
        },
        "summary": {
            "tests": 2,
            "passed": 2,
            "failed": 0,
            "skipped": 0,
            "pending": 0,
            "other": 0,
            "start": 1771594075.6441603,
            "stop": 1771594075.6702642
        },
        "tests": [
            {
                "name": "test_outputs.py::test_question_1",
                "status": "passed",
                "duration": 0.0002503340001567267,
                "start": 1771594075.6695356,
                "stop": 1771594075.6699085,
                "retries": 0,
                "file_path": "test_outputs.py"
            },
            {
                "name": "test_outputs.py::test_question_2",
                "status": "passed",
                "duration": 0.0001322089992754627,
                "start": 1771594075.670004,
                "stop": 1771594075.6701906,
                "retries": 0,
                "file_path": "test_outputs.py"
            }
        ]
    }
}