{
    "results": {
        "tool": {
            "name": "pytest",
            "version": "8.4.1"
        },
        "summary": {
            "tests": 2,
            "passed": 2,
            "failed": 0,
            "skipped": 0,
            "pending": 0,
            "other": 0,
            "start": 1771585959.2033112,
            "stop": 1771585959.229604
        },
        "tests": [
            {
                "name": "test_outputs.py::test_question_1",
                "status": "passed",
                "duration": 0.0002746660029515624,
                "start": 1771585959.228825,
                "stop": 1771585959.2292342,
                "retries": 0,
                "file_path": "test_outputs.py"
            },
            {
                "name": "test_outputs.py::test_question_2",
                "status": "passed",
                "duration": 0.00014124900008027907,
                "start": 1771585959.2293296,
                "stop": 1771585959.2295253,
                "retries": 0,
                "file_path": "test_outputs.py"
            }
        ]
    }
}