{
    "results": {
        "tool": {
            "name": "pytest",
            "version": "8.4.1"
        },
        "summary": {
            "tests": 2,
            "passed": 2,
            "failed": 0,
            "skipped": 0,
            "pending": 0,
            "other": 0,
            "start": 1771594571.8967807,
            "stop": 1771594571.9241302
        },
        "tests": [
            {
                "name": "test_outputs.py::test_question_1",
                "status": "passed",
                "duration": 0.0002590420008345973,
                "start": 1771594571.9234664,
                "stop": 1771594571.9238262,
                "retries": 0,
                "file_path": "test_outputs.py"
            },
            {
                "name": "test_outputs.py::test_question_2",
                "status": "passed",
                "duration": 0.00011454200284788385,
                "start": 1771594571.9239016,
                "stop": 1771594571.9240632,
                "retries": 0,
                "file_path": "test_outputs.py"
            }
        ]
    }
}