{
    "results": {
        "tool": {
            "name": "pytest",
            "version": "8.4.1"
        },
        "summary": {
            "tests": 1,
            "passed": 1,
            "failed": 0,
            "skipped": 0,
            "pending": 0,
            "other": 0,
            "start": 1771352725.1296692,
            "stop": 1771352725.1580327
        },
        "tests": [
            {
                "name": "test_outputs.py::test_answer",
                "status": "passed",
                "duration": 0.00023770800001443604,
                "start": 1771352725.1575782,
                "stop": 1771352725.1579392,
                "retries": 0,
                "file_path": "test_outputs.py"
            }
        ]
    }
}